{"BLINK":0.5331348,"A":0.1802375}