{"BLINK":0.4290096,"A":0.4127556}