{"BLINK":0.5791835,"A":0.3180383}