{"BLINK":0.1561989,"A":0.9796597}